order_id,customer,region,amount
1000,Customer A0,east,3792.5
1001,Customer B1,west,2610.72
1002,Customer C2,north,3288.67
1003,Customer D3,north,1475.44
1004,Customer E4,north,3640.62
1005,Customer F5,south,169.23
1006,Customer G6,west,1684.33
1007,Customer H7,south,381.04
1008,Customer I8,west,255.26
1009,Customer J9,north,3790.85
1010,Customer K10,north,2316.87
1011,Customer L11,west,217.37
1012,Customer M12,south,205.4
1013,Customer N13,south,1172.64
1014,Customer O14,south,2171.93
1015,Customer P15,east,2249.82
1016,Customer Q16,south,430.16
1017,Customer R17,south,1502.14
1018,Customer S18,north,2266.19
1019,Customer T19,south,1995.73
1020,Customer U20,west,3113.37
1021,Customer V21,west,2350.54
1022,Customer W22,west,1459.1
1023,Customer X23,south,3181.63
1024,Customer Y24,south,345.78
1025,Customer Z25,east,2110.28
1026,Customer A26,east,2923.19
1027,Customer B27,east,2443.66
1028,Customer C28,north,489.9
1029,Customer D29,west,676.55
1030,Customer E30,east,624.9
1031,Customer F31,west,1698.36
1032,Customer G32,north,3062.99
1033,Customer H33,east,1373.69
1034,Customer I34,east,2385.59
1035,Customer J35,west,293.68
1036,Customer K36,north,3779.83
1037,Customer L37,west,2794.23
1038,Customer M38,north,261.46
1039,Customer N39,east,2595.57
1040,Customer O40,west,1152.69
1041,Customer P41,west,3550.42
1042,Customer Q42,east,109.8
1043,Customer R43,west,1434.75
1044,Customer S44,north,1984.9
1045,Customer T45,south,3077.57
1046,Customer U46,south,2958.69
1047,Customer V47,west,1575.98
1048,Customer W48,west,340.71
1049,Customer X49,west,1618.54
1050,Customer Y50,east,3535.87
1051,Customer Z51,west,3458.66
1052,Customer A52,east,2831.46
1053,Customer B53,east,2737.24
1054,Customer C54,west,3831.77
1055,Customer D55,south,350.28
1056,Customer E56,south,943.19
1057,Customer F57,south,68.01
1058,Customer G58,south,1065.73
1059,Customer H59,north,599.79
1060,Customer I60,east,2447.05
1061,Customer J61,east,3813.33
1062,Customer K62,north,1837.44
1063,Customer L63,west,1604.32
1064,Customer M64,west,432.08
1065,Customer N65,west,267.75
1066,Customer O66,north,3938.98
1067,Customer P67,west,665.97
1068,Customer Q68,east,2410.89
1069,Customer R69,north,20.93
1070,Customer S70,south,2155.74
1071,Customer T71,east,2462.67
1072,Customer U72,north,3499.84
1073,Customer V73,west,611.23
1074,Customer W74,east,3822.76
1075,Customer X75,east,1907.12
1076,Customer Y76,north,3398.77
1077,Customer Z77,west,1931.97
1078,Customer A78,east,361.82
1079,Customer B79,north,3003.7
1080,Customer C80,east,1924.92
1081,Customer D81,south,2075.01
1082,Customer E82,south,3804.92
1083,Customer F83,east,603.48
1084,Customer G84,north,3037.41
1085,Customer H85,east,3914.43
1086,Customer I86,north,2790.86
1087,Customer J87,east,2083.22
1088,Customer K88,south,1435.67
1089,Customer L89,south,2139.72
1090,Customer M90,east,2553.04
1091,Customer N91,south,3228.19
1092,Customer O92,west,2964.69
1093,Customer P93,south,815.67
1094,Customer Q94,west,1435.14
1095,Customer R95,north,3958.62
1096,Customer S96,east,1899.52
1097,Customer T97,south,2776.24
1098,Customer U98,east,1799.97
1099,Customer V99,east,3820.9
1100,Customer W100,east,340.54
1101,Customer X101,north,922.85
1102,Customer Y102,south,1364.2
1103,Customer Z103,west,2503.78
1104,Customer A104,north,1928.3
1105,Customer B105,east,3202.58
1106,Customer C106,north,3341.9
1107,Customer D107,north,3640.91
1108,Customer E108,south,1922.57
1109,Customer F109,south,1747.02
1110,Customer G110,east,365.26
1111,Customer H111,west,1863.38
1112,Customer I112,north,2904.7
1113,Customer J113,south,3972.59
1114,Customer K114,north,621.58
1115,Customer L115,west,3229.88
1116,Customer M116,south,2454.06
1117,Customer N117,west,2635.93
1118,Customer O118,east,640.53
1119,Customer P119,south,105.16
1120,Customer Q120,north,2115.79
1121,Customer R121,south,1746.56
1122,Customer S122,south,3308.1
1123,Customer T123,south,131.42
1124,Customer U124,south,1186.01
1125,Customer V125,south,3059.45
1126,Customer W126,east,1052.27
1127,Customer X127,west,3340.1
1128,Customer Y128,north,3641.87
1129,Customer Z129,east,3592.86
1130,Customer A130,west,3312.02
1131,Customer B131,south,2136.66
1132,Customer C132,north,3493.77
1133,Customer D133,south,2442.05
1134,Customer E134,south,705.94
1135,Customer F135,west,2484.02
1136,Customer G136,north,2234.77
1137,Customer H137,east,2735.68
1138,Customer I138,west,3141.4
1139,Customer J139,north,3535.25
1140,Customer K140,north,1009.01
1141,Customer L141,east,187.95
1142,Customer M142,north,2040.7
1143,Customer N143,north,3044.77
1144,Customer O144,north,1784.13
1145,Customer P145,south,2777.07
1146,Customer Q146,west,2042.46
1147,Customer R147,west,2040.85
1148,Customer S148,south,2802.89
1149,Customer T149,east,3692.68
1150,Customer U150,south,3363.2
1151,Customer V151,south,1678.22
1152,Customer W152,west,1779.63
1153,Customer X153,north,2691.2
1154,Customer Y154,west,311.02
1155,Customer Z155,east,3140.07
1156,Customer A156,south,3759.23
1157,Customer B157,east,589.06
1158,Customer C158,south,3870.83
1159,Customer D159,south,2991.79
1160,Customer E160,north,1605.06
1161,Customer F161,west,667.92
1162,Customer G162,south,662.63
1163,Customer H163,west,3976.41
1164,Customer I164,west,1369.68
1165,Customer J165,south,1439.33
1166,Customer K166,north,2894.16
1167,Customer L167,north,1365.16
1168,Customer M168,west,1773.02
1169,Customer N169,north,1549.69
1170,Customer O170,east,2058.8
1171,Customer P171,north,469.14
1172,Customer Q172,south,3887.35
1173,Customer R173,north,354.56
1174,Customer S174,east,177.56
1175,Customer T175,south,1096.38
1176,Customer U176,south,3282.71
1177,Customer V177,east,1635.67
1178,Customer W178,west,2807.66
1179,Customer X179,north,1130.67
1180,Customer Y180,south,1712.76
1181,Customer Z181,north,1090.32
1182,Customer A182,north,2545.07
1183,Customer B183,east,353.3
1184,Customer C184,south,285.16
1185,Customer D185,north,1826.02
1186,Customer E186,east,3977.34
1187,Customer F187,west,3708.14
1188,Customer G188,east,2494.38
1189,Customer H189,north,2117.12
1190,Customer I190,south,3753.74
1191,Customer J191,south,1062.34
1192,Customer K192,south,823.04
1193,Customer L193,east,2522.11
1194,Customer M194,south,1174.04
1195,Customer N195,south,1096.68
1196,Customer O196,north,3978.11
1197,Customer P197,north,81.08
1198,Customer Q198,south,2066.65
1199,Customer R199,south,3739.88
